{
    "knowledgeSharing": ["scienceClub", "", ""],
    "fusionTheory": ["", "", ""],
    "hydrogenFusion": ["", "", ""],
    "heliumFusion": ["", "", ""],
    "carbonFusion": ["", "", ""],
    "basicPowerGeneration": ["Power Plant", "", ""],
    "sodiumIonPowerStorage": ["Unlock Batteries", "", ""],
    "solarPowerGeneration": ["Solar Panels", "", ""],
    "advancedPowerGeneration": ["Advanced Power Plant", "", ""],
    "neonFusion": ["Water Compound", "", ""],
    "oxygenFusion": ["", "", ""],
    "compounds": ["Unlock Compounds Tab", "", ""],
    "siliconFusion": ["", "", ""],
    "steelFoundries": ["Steel Compound", "", ""],
    "aggregateMixing": ["Concrete Compound", "", ""],
    "giganticTurbines": ["", "", ""],
    "nanoTubeTechnology": ["", "", ""],
    "hydroCarbons": ["Diesel Compound", "", ""],
    "stellarCartography": ["Unlock Star Map Tab", "", ""],
    "quantumComputing": ["ABTier2", "", ""],
    "scienceLaboratories": ["Unlock Science Lab", "", ""],
    "nobleGasCollection": ["", "", ""],
    "neutronCapture": ["Reveal Gold", "", ""],
    "glassManufacture": ["Glass Compound", "", ""],
    "atmosphericTelescopes": ["Reveal Star Data", "", ""],
    "fusionEfficiencyI": ["+20% Fusion eff.", "", ""],
    "fusionEfficiencyII": ["+20% Fusion eff.", "", ""],
    "fusionEfficiencyIII": ["100% Fusion eff.", "", ""]
}
